g,fitted_C1,lower_C1,upper_C1,fitted_C2,lower_C2,upper_C2,fitted_C3,lower_C3,upper_C3,pinn_C1,pinn_C2,pinn_C3
0.01,0.00021545050747819313,0.0001998916494913,0.0001998916504944,0.07460314558016352,0.0,0.1998587319351049,0.08810150430646105,0.0,0.2002142163480463,0.00012075786215841631,0.5467341542107164,2.2309402240729056e-05
0.02,0.0008600870153637342,0.0007982690201128,0.0007982690649925,0.08306787266935504,0.0436581370947865,0.1994193921215718,0.07957529985064017,0.0,0.1568822292436444,0.0004365600154692098,0.5685155559139904,2.0858246583334564e-05
0.03,0.0019322364478879506,0.0017912591341553,0.0017912594697323,0.0857599655795425,0.0667209013644203,0.1781821736633513,0.07523560456459837,0.0207903220294475,0.134123328413573,0.0013013868011533026,0.43921638029185506,2.2629950547776846e-05
0.04,0.00342765114986382,0.0031724728902359,0.0031724740717203,0.08714314021517253,0.0749647455298426,0.1479285711227549,0.07161863711849777,0.0511208045781928,0.126293270537847,0.0027849920820240885,0.3231762605069265,2.8153965286939973e-05
0.05,0.00533928826328509,0.0049331024056018,0.0049331056453903,0.0878401720558109,0.0789528086193414,0.1338570161267967,0.06843484901287693,0.0652843823931058,0.122817935579427,0.0048078561027787335,0.24234655399569363,3.571772542046896e-05
0.06,0.007657121165430924,0.0070620551006388,0.0070620626469326,0.08811954873894863,0.0812809983802843,0.1261319898539288,0.06555682836515787,0.0731119029139865,0.1210881593749898,0.007265618705424708,0.19763089168709067,4.3843107862249074e-05
0.07,0.01036837040067464,0.0095461213354012,0.0095461369527207,0.0881368949491978,0.0828283771073776,0.1213791479231597,0.06290722390696388,0.0779724650833798,0.1202099060249376,0.010085558141338321,0.17465254282861614,5.1963573855503166e-05
0.08,0.013456809864137005,0.012370171618742,0.0123702011106868,0.0879758363237657,0.0839524013319331,0.1181849745293275,0.06045298445903978,0.0812740025325618,0.1198096249964098,0.013236177792799918,0.16272661043078676,6.006628278826804e-05
0.09,0.016905255244032965,0.0155173780370975,0.0155174297493919,0.08770702195401353,0.0848150991135529,0.1158705962500598,0.0581689792755126,0.0836897170715507,0.1197086731297352,0.016701969642314164,0.15646928833580961,6.82612711631946e-05
0.1,0.0206920591209339,0.0189694534528475,0.0189695386857302,0.08737717834405342,0.0854942724958385,0.1140753821769088,0.0560441492851892,0.0855747235951544,0.1198126817801443,0.02046605278526635,0.153342655945595,7.6627330589899e-05
0.11,0.024793035070211807,0.0227069012302962,0.022707034490755,0.08701942274223694,0.0860278297092525,0.1125922418179077,0.05407544061370978,0.0871309835495575,0.1200677383505061,0.02450492737291407,0.15211035929212247,8.519404633869675e-05
0.12,0.029183960775038605,0.0267092679265535,0.0267094669624179,0.08666666964959552,0.0864336691841127,0.111294715195297,0.05225988532852408,0.0884804225502998,0.1204409412240857,0.028789133633482504,0.15212592306189385,9.395632415586741e-05
0.13,0.0338394194829833,0.0309553916179223,0.0309556771955979,0.08634353873805248,0.086719457475997,0.1101017704627714,0.050593309641002816,0.0897003086962084,0.1209109745359882,0.0332857478364385,0.1530201514564811,0.00010288991471379489
0.14,0.03873141814622406,0.0354236393191311,0.0354240347319396,0.08605675844291091,0.0868877948811377,0.1089595887471408,0.0490689388341361,0.0908416058368754,0.12146320447415,0.037960904693585144,0.1545615945384134,0.00011196218130536412
0.15,0.043831628464864464,0.0400921282103437,0.04009265853166,0.08581072902149633,0.0869390920544697,0.1078315845797848,0.047679659733360434,0.0919390495457532,0.1220869751193372,0.04278170660786142,0.1565920271014987,0.00012113851351843447
0.16,0.04911172213900819,0.0449389269680174,0.0449396180893128,0.08560985073113433,0.0868732242933397,0.1066926629604056,0.04641835916411234,0.0930169429479185,0.1227740429888597,0.047717422451811195,0.15899531936978448,0.00013038572417529163
0.17,0.054543379389660106,0.0499422352151465,0.0499431109678084,0.08545851555384996,0.0867282424900799,0.1055257635805552,0.04527792985715815,0.0940926219557523,0.1234589703537168,0.05274009847589298,0.16168168318954218,0.00013967357939592852
0.18,0.06009953148877938,0.0550805407711316,0.0550815771820562,0.08535990048016315,0.0872331139529777,0.1043196891557403,0.044252131572265326,0.0951785947034819,0.1229562669806559,0.057824759607522536,0.16457924662016657,0.0001489752691879713
0.19,0.06575566781020352,0.0603327558182796,0.0603339644240529,0.08531469813171962,0.0873944454180791,0.1030676779345335,0.04333649693745151,0.0962838982610439,0.1227893077566469,0.06294936031575832,0.16762924035905336,0.00015826733345558424
0.2,0.07148759038351975,0.0656783341790951,0.0656797245408296,0.08532329748619377,0.0872716227640771,0.1017664186377186,0.04252677526383705,0.0974149787029802,0.1228971686455,0.06809460121300984,0.17078302527059014,0.0001675293474065969
0.21,0.07727110123831528,0.0710973725391922,0.0710989518292057,0.08538608752126006,0.0869119066426111,0.100415334031013,0.04181871586254234,0.0985762736287649,0.1232312783052479,0.07324368579741561,0.1740000955011098,0.00017674353202899574
0.22,0.08308200240417742,0.0765706986374129,0.0765724712727023,0.08550345721459289,0.0863538276038684,0.0990160307704131,0.04120806804468772,0.0997706055810403,0.123752034854616,0.07838206032037623,0.1772466264239442,0.00018589437151657204
0.23,0.08889609591069339,0.0820799492161576,0.0820819080472267,0.08567579554386673,0.0856853844316086,0.0975718544468261,0.04069058112139355,0.1009994541279391,0.1243151942893465,0.0834971594236355,0.1804943506287512,0.000194968272536067
0.24,0.09468919140302406,0.0876076399655038,0.0876097624201319,0.08590348958702869,0.0849808952362737,0.0960875133720878,0.04026200422201828,0.1022631501738568,0.1247836073518825,0.08857816840325672,0.1837196516918324,0.00020395327597448653
0.25,0.10044075087561885,0.0931372289201033,0.0931395043124261,0.08618601533275193,0.0841448293627723,0.0945687497081855,0.03991799930480636,0.1035610211991151,0.1253706740647267,0.09361580670346746,0.18690281814990936,0.00021283882047305083
0.3,0.12821957553064992,0.1203073263387895,0.1203101474345902,0.08831225328399574,0.0786337895652773,0.0866973320707311,0.03930606165934893,0.110482642387071,0.1296048724364089,0.11791345857824212,0.20170065401192333,0.0002554820326492844
0.35,0.15349693567631345,0.1456646362973185,0.1456675359849278,0.09132806032977436,0.0723571933435182,0.0789862102244016,0.04011961352368897,0.1177567211004536,0.1345512362095546,0.14033779128057644,0.2139075665344994,0.0002946180593077128
0.4,0.17553332508004052,0.1683875296929466,0.1683901201135191,0.09487523924365034,0.0664500867053917,0.0720443299506673,0.04186404296450395,0.1247986004029082,0.1391149689284694,0.16064970140373952,0.22317246165605,0.0003298608261986993
0.45,0.1945511201444864,0.1882534084016252,0.1882554806639906,0.09870454914688315,0.0613797702083439,0.0660567248308257,0.044216848090076734,0.1312081880361438,0.1427905096942877,0.1788424951435503,0.2296385169767125,0.00036117182749943527
0.5,0.21089730759886666,0.2054229328102672,0.2054245248061616,0.10258199916916598,0.0572028726375279,0.0611814188589785,0.04687919098943302,0.1361811031297626,0.1454819903083992,0.19504335225482936,0.23370253388174336,0.0003887632261284906
0.55,0.22491663902913114,0.2202295575982213,0.220230753845093,0.10633570086469268,0.0537956268160867,0.0571960030748516,0.049626964717521954,0.1398813114302101,0.1473068258063799,0.20944399597416832,0.23584548661184473,0.00041298854466625273
0.6,0.23695051490502203,0.2330412822581935,0.2330421806210235,0.10988687500552996,0.0509976327234874,0.0539309234195452,0.052348105326710824,0.1424684049701866,0.1484468746317759,0.2222530309533828,0.23652911992137804,0.0004342500674342976
0.65,0.2473400602815934,0.2441946304500236,0.2441952789352011,0.11316439463380203,0.0486706080974419,0.0510908354338859,0.054939757230191864,0.144456671798988,0.1490740612958696,0.23366908166450057,0.2361487753573072,0.00045294030565790435
0.7,0.2564256917098345,0.253973396214831,0.2539738691493206,0.11609744934876977,0.046695673577039,0.0487060150917083,0.05729945176253371,0.1457391473376386,0.1493521649514009,0.24386960565862473,0.23502152691040973,0.00046941428569126435
0.75,0.26447467975322486,0.2626087453345264,0.2626090957483445,0.11864791012094776,0.0450143057125779,0.0467036365510203,0.05936466603643458,0.1464705887807451,0.1493502358684856,0.25300877160098667,0.2333913597738101,0.0004839813991407938
0.8,0.2716185445992834,0.2702866036630462,0.2702868674728868,0.1208383007137871,0.0435677143477192,0.0450030580004825,0.06114701184489055,0.1468147110552412,0.149150000074542,0.26121938002286654,0.23144046364855925,0.0004969069155427448
0.85,0.2779740555751372,0.277156348640412,0.2771565503106148,0.12269773552354296,0.042311387805599,0.0435434704711644,0.06266615657788245,0.1468871261023216,0.1488110936036575,0.2686159871714953,0.2293014397097333,0.0005084171320780322
0.9,0.28365798200791315,0.2833385547234331,0.2833387111048736,0.12425532894647066,0.0412111155256057,0.042278580525816,0.06394176762539117,0.146769177089484,0.1483767573810132,0.2752979541266318,0.2270683739250673,0.0005187052126194815
0.95,0.2887870932247385,0.2889312571395682,0.2889313800042353,0.1255401953788254,0.0402402089543175,0.0411727870106702,0.0649935123773975,0.1465182736552942,0.147878341462441,0.2813519856203299,0.22480616863262945,0.000527936519633402
1.0,0.2934766885212359,0.2940148249049104,0.2940149226024018,0.12658133541007544,0.0393775796267995,0.0401984121144346,0.06584104971924587,0.1461752002560562,0.147338600333144,0.28685410043509696,0.22255810181284816,0.0005362530777205601
1.05,0.29780172822026557,0.2986556992094062,0.2986557777520855,0.12740462667016822,0.038606376257508,0.0393336952800551,0.06650380516148768,0.1457691541872393,0.1467740658395064,0.2918711177035132,0.2203517883596501,0.0005437771647642777
1.1,0.3017928344929108,0.3029092554529323,0.3029093192334352,0.12803251422139414,0.0379129965338625,0.0385613374100596,0.06700094770325903,0.1453211921471732,0.1461967484679857,0.29646178128186484,0.21820377570015148,0.0005506141629842789
1.145,0.30512274838555825,0.3068220028432979,0.3068220551150348,0.12844894830746795,0.0372863580651307,0.0378674390494823,0.06732260927445542,0.1448465943315447,0.1456153584009226,0.300271586456925,0.2163279186165966,0.0005562552893339407
1.2,0.30888664700986734,0.3104332863037794,0.3104333295073107,0.1287911548387536,0.0367173529942869,0.0372407196135389,0.06757501750222977,0.1443564993395582,0.1450361854159617,0.30456376416367675,0.21411338728297247,0.0005625772039647519
1.25,0.3120460533795886,0.3137766138833624,0.3137766498713073,0.12896644622564127,0.0361984353779881,0.0366719377454713,0.06769025646784894,0.1438590467639765,0.1444637362303165,0.3081594004603987,0.21217559606941838,0.0005678480984218529
1.3,0.3149849265737449,0.3168807008394648,0.3168807310336923,0.1290354105451702,0.0357233057736599,0.0361534564078555,0.0677165059498371,0.1433601848840786,0.1439011989351716,0.3114985432369431,0.21030839608837773,0.0005727245605083408
1.35,0.3177316166550412,0.3197702978006462,0.3197703233036296,0.12902031695771746,0.0352866678767908,0.0356789131142361,0.0676729218024041,0.1428642480280913,0.1433507834690065,0.3146105037709698,0.20850949235224778,0.00057725506536555
1.4,0.320314441251374,0.3224668530423707,0.3224668747170854,0.12894340701905577,0.0348840390807255,0.0352429672817328,0.06757863605968603,0.1423743736800351,0.1428139726960625,0.317520446666118,0.2067761029534179,0.000581480648609397
1.45,0.32275557522740655,0.3249890462497696,0.3249890647777162,0.12882169430439452,0.0345116017662635,0.0348411047435674,0.06744826951988797,0.1418928067663531,0.1422917085962505,0.3202499039181808,0.20510531207686336,0.000585435934488168
1.5,0.32506383190823,0.3273532218969442,0.327353237820762,0.12866082065499668,0.0341660856242981,0.0344694850554946,0.06728663028697225,0.1414211236255535,0.1417845310445978,0.32281725945165024,0.2034942741743313,0.0005891500724395657
1.55,0.32724626882159297,0.3295737435856058,0.3295737573407045,0.12846493358880015,0.0338446738206193,0.0341248211672111,0.06709723701001594,0.1409603981829523,0.1412926817266014,0.3252381980370699,0.2019403187697057,0.000592647582249099
1.6,0.3293099434952437,0.3316632856690108,0.3316632976072844,0.12823818062374262,0.0335449276251248,0.0338042838033063,0.06688360833809605,0.140511326127973,0.1408161822564028,0.3275261135898397,0.2004409917028031,0.0005959491071719778
1.65,0.3312619134569308,0.3336330747502171,0.3336330851579894,0.1279847092777619,0.0332647254508699,0.033505424871221,0.06664926292028968,0.1400743183058456,0.1403548930944721,0.32969247375017485,0.19899405802142708,0.0005990720755288591
1.7,0.3331092362344027,0.33549309083803,0.3354930999497541,0.12770866706879583,0.0330022132217786,0.0332261156617686,0.06639771940567386,0.1396495713361503,0.1399085580962269,0.33174713971968844,0.19759748373432945,0.0006020312732719585
1.75,0.3348589693554078,0.3372522358207677,0.3372522438295712,0.12741420151478214,0.0327557637099045,0.0329644966252376,0.06613249644332568,0.1392371212771878,0.139476838252632,0.3336986422063262,0.19624940775724087,0.0006048393320946754
1.8,0.3365181703476947,0.33891847529862,0.3389184823644861,0.12710546013365862,0.0325239430223285,0.0327189362947105,0.06585711268232217,0.1388368845584374,0.1390593372639338,0.33555441582065176,0.19494811117006447,0.0006075071394024578
1.85,0.33809389673901163,0.3404989585709558,0.3404989648271163,0.12678659044336305,0.0323054828241504,0.0324879974750149,0.06557508677174037,0.1384486893078918,0.1386556209164662,0.3373209953160268,0.19369198796454168,0.0006100441776877502
1.9,0.3395932060571073,0.3420001206116524,0.342000126169619,0.12646173996183324,0.0320992571912114,0.0322704092475165,0.06528993736065737,0.1380722993860059,0.1382652317409038,0.33900417769434565,0.1924795194745866,0.0006124588015227338
1.95,0.34102315582973003,0.3434277691146389,0.3434277740681888,0.12613505620700696,0.0319042632238769,0.0320650436692086,0.06500518309815019,0.1377074328433737,0.1378877000640109,0.34060915446997914,0.19130925338768687,0.0006147584605545361
2.0,0.34239072397658443,0.3447871591026175,0.3447871635309699,0.125810608381448,0.0317196047290832,0.0318708962588285,0.06472427531743447,0.1373537761227941,0.13752255230121,0.34214061837570486,0.19017978743499894,0.0006169498766553018
2.045,0.3435722504470386,0.3460830571265799,0.3460830610969427,0.1255221922929709,0.0315444784238564,0.0316870695992991,0.06447614869936764,0.1370109949536541,0.1371693171289618,0.3434596265357189,0.1891970240227001,0.0006188346827411011
2.1,0.34495565661016786,0.3473197967140041,0.3473198002836279,0.12517390500433354,0.0313781622187414,0.0315127594689386,0.06417852800839564,0.1366787427193062,0.1368275300286132,0.34499977817699656,0.18803782884262613,0.0006210320309583061
2.15,0.34615784527029386,0.3485013264281292,0.3485013296459718,0.12486080447124469,0.0312200052245011,0.0313472430689656,0.06391286949006418,0.1363566668529606,0.1364967365792754,0.34633504717957525,0.18702269189853774,0.0006229336739682917
2.2,0.3473096522262336,0.3496312516632551,0.3496312545713377,0.12455056329443816,0.0310694191963076,0.0311898689941361,0.06365140794445887,0.1360444136948307,0.1361764947870985,0.34761204403611085,0.1860430584320073,0.0006247490285169834
2.25,0.34841343002818026,0.3507128711091912,0.3507128737437088,0.12424270041339153,0.0309258711796622,0.0310400486401258,0.06339368353303042,0.1357416321665369,0.1358663766755617,0.3488339379618655,0.18509766099242833,0.0006264827217719361
2.295,0.3493677095060028,0.3517492086622328,0.3517492110544674,0.12396725966680244,0.0307888771665421,0.0308972488246112,0.06316454675590498,0.1354479765105225,0.1355659693091347,0.34988899220015923,0.18427504437061032,0.0006279768441559762
2.35,0.3504863083708668,0.3527430414329835,0.352743043610058,0.12363218529648805,0.030657996603955,0.0307609854222021,0.06288760675850666,0.1351631083058288,0.135274875384235,0.35112414380638024,0.18330460987314007,0.0006297223868569027
2.4,0.3514601140119931,0.3536969243972074,0.3536969263827119,0.12332857093958634,0.0305328276455432,0.0306308178716152,0.0626383347183127,0.1348866979025964,0.1349927134705287,0.35219789936559665,0.18245453035914885,0.0006312364384585628
2.45,0.3523953006998989,0.3546132121501751,0.3546132139646874,0.12302541063635467,0.0304130029240306,0.0305063443244988,0.06239096045809825,0.1346184254978907,0.1347191180971647,0.35322746754490386,0.18163383846583175,0.0006326850225686293
2.5,0.3532942209847773,0.3554940781541051,0.355494079815627,0.1227222233262707,0.0302981860139849,0.0303871975699616,0.06214502413931396,0.1343579817100285,0.1344537394879811,0.3542152094278758,0.18084138514343823,0.0006340716978146945
2.545,0.3540741858493141,0.3563415318094982,0.3563415333338204,0.1224489340598145,0.0301880681922643,0.030273041335314,0.061924530835769875,0.1341050680356664,0.1341962433110067,0.3550702646613524,0.18015139449295553,0.0006352695746937477
2.6,0.3549926725462247,0.3571574336321567,0.3571574350331676,0.12211384344345573,0.0300823656538856,0.0301635671084516,0.06165562597183854,0.1338593970297321,0.1339463102599123,0.3560740314001342,0.17933674267608513,0.0006366726961958729
2.65,0.35579690892318006,0.3579435087767155,0.3579435100666607,0.12180768874967994,0.0299808170438733,0.0300584913299824,0.06141124444604875,0.1336206923443056,0.1337036355828554,0.3569492278879653,0.17862240430829954,0.0006378932985806905
2.7,0.35657428909788064,0.3587013591131203,0.3587013603028235,0.12149958280696195,0.0298831812972998,0.0299575529387217,0.061166461507491776,0.1333886886270699,0.1334679285443546,0.35779084340728995,0.17793200828575076,0.0006390645634566576
2.75,0.35732716562051975,0.3594324740335385,0.3594324751325891,0.12118904455477936,0.0297892356577889,0.0298605111367502,0.0609208173176183,0.1331631313973408,0.1332389119291873,0.3586006712763171,0.17726456106530827,0.0006401892506474267
2.8,0.3580578910412904,0.3601382401427265,0.3601382411596392,0.12087559293260972,0.0296987740145806,0.0297671435037599,0.060673852037878985,0.1329437767557489,0.1330163214295918,0.3593804085029401,0.1766191025918741,0.0006412699784633999
2.85,0.3587686916909428,0.3608199499641462,0.3608199509064986,0.12055874619641016,0.029611605371671,0.0296772442750871,0.0604251165389686,0.1327303910981748,0.1327999050842712,0.36013166067283814,0.17599470649572196,0.0006423092293134462
2.9,0.35946073923067173,0.361478809776506,0.3614788106510557,0.12023801689075066,0.029527552477441,0.0295906228066903,0.06017425117631943,0.1325227507979298,0.1325894227252469,0.36085594661871273,0.17539048006826416,0.0006433093552908393
2.95,0.3601346803444409,0.3621159466803743,0.3621159474931597,0.11991291471727435,0.0294464506135981,0.0295071022064621,0.05992094084770358,0.1323206418650569,0.1323846454188935,0.3615547028983114,0.17480556404241854,0.0006442725837424489
3.0,0.3607911578887231,0.3627324149816744,0.3627324157381023,0.11958294935689721,0.02936814650364,0.0294265181246532,0.0596648707756413,0.1321238595764932,0.1321853549276984,0.3622292880958786,0.1742391322045757,0.0006452010228101094
3.05,0.3614308147199914,0.36332920196786,0.3633292026727806,0.11924763049053536,0.02929249733821,0.0293487176608482,0.05940572618265286,0.1319322081110319,0.131991343183102,0.3628809869534772,0.17369039086462715,0.0006460966669217957
3.1,0.36205429369471887,0.3639072331431036,0.3639072338008763,0.11890646779910481,0.029219369929386,0.0292735584197766,0.05914319229125853,0.1317455001458802,0.1318024117465433,0.36351101433389155,0.1731585782090533,0.0006469614022051484
3.15,0.3626622376693783,0.3644673769806841,0.3644673775952338,0.11855897096352153,0.0291486398920621,0.0292009076032449,0.05887695432397854,0.1315635565187967,0.1316183713502948,0.36412051901449644,0.17264296356005665,0.000647797011794778
3.2,0.36325528950044267,0.3650104492437088,0.3650104498185758,0.1182046496647016,0.0290801909144049,0.0291306412136047,0.05860669750333316,0.1313862058715068,0.1314390414471132,0.3647105873107765,0.1721428465614212,0.0006486051810066217
3.25,0.3638340920443848,0.365537216919215,0.3655372174575979,0.117843013583561,0.029013914249218,0.029062643456263,0.05833210705184267,0.1312132841811836,0.1312642496284074,0.36528224652849806,0.17165755630934748,0.00064938750235591
3.3,0.36439928815767797,0.3660484018063218,0.3660484023111064,0.11747357240101582,0.0289497038881059,0.028996801044764,0.058052868192027304,0.131044639619485,0.1310938355584208,0.36583646824445654,0.17118645044412845,0.0006501454803995909
3.35,0.36495152069679493,0.3665446837884804,0.3665446842622957,0.11709583579798204,0.0288874702895061,0.0289330197415773,0.05776866614640735,0.1308801145581261,0.1309276359028579,0.3663741714169302,0.17072891421624414,0.0006508805363884387
3.4,0.36549143251820854,0.3670267038327455,0.3670267042779727,0.11670931345537568,0.0288271210580304,0.0288712011692064,0.057479186137503024,0.1307195686293029,0.130765503334266,0.36689622532826593,0.17028435953833473,0.0006515940127186015
3.45,0.36601966647839196,0.3674950667290996,0.3674950671479037,0.11631351505411285,0.0287685717884188,0.0288112559011197,0.05718411338783465,0.1305628644116412,0.1306072945552303,0.3674034523632665,0.1698522240325972,0.0006522871771763896
3.5,0.36653686543381814,0.3679503436057533,0.3679503440000947,0.11590795027510949,0.0287117372494652,0.0287530929363241,0.056883133119922435,0.1304098775119989,0.1304528785905187,0.3678966306281477,0.16943197008144065,0.0006529612269737082
3.55,0.3670436722409598,0.3683930742322804,0.3683930746039622,0.11549212879928165,0.0286565517743091,0.0286966439931769,0.05657593055628666,0.1302604709379896,0.130302115209778,0.36837649641576636,0.1690230838877357,0.0006536172925748015
3.6,0.3675407297562901,0.3688237691448383,0.3688237694955005,0.1150655603075454,0.028602939738683,0.0286418287912805,0.05626219091944758,0.1301145300465081,0.13015488446415,0.36884374652354374,0.16862507454969622,0.0006542564413174007
3.65,0.3680286808362819,0.3692429115936314,0.3692429119247732,0.1146277544808167,0.0285508368477951,0.0285885793489392,0.055941599431925455,0.1299719371480043,0.1300110644155702,0.3692990404310434,0.16823747315432167,0.000654879680833546
3.7,0.36850816833740807,0.3696509593401774,0.3696509596531702,0.11417822100001161,0.0285001776349091,0.0285368266762728,0.05561384131624053,0.1298325843927952,0.1298705431803759,0.36974300234450136,0.16785983189238762,0.0006554879622769818
3.75,0.36897983511614185,0.3700483463136345,0.3700483466097357,0.1137164695460462,0.028450903838126,0.0284865094438295,0.055278601794913104,0.1296963645464367,0.1297332100015605,0.37017622311579684,0.16749172319718866,0.0006560821833650755
3.8,0.36944432402895594,0.3704354841401547,0.370435484420519,0.11324200979983642,0.0284029609364728,0.0284375702575799,0.05493556609046341,0.1295631742750122,0.1295989582589058,0.37059926204337673,0.16713273890858457,0.0006566631912441451
3.85,0.3699022779323234,0.370812763555984,0.3708127638216712,0.11275435144229835,0.0283562909128019,0.0283899482663427,0.054584419425411715,0.1294329211119475,0.129467692271703,0.37101264856257343,0.16678248946336577,0.0006572317851874585
3.9,0.3703543396827171,0.371180555714266,0.3711805559662512,0.11225300415434801,0.0283108478445364,0.0283435950403938,0.05422484702227827,0.1293055071200489,0.1293393112544601,0.3714168838325684,0.16644060311252656,0.0006577887191354647
3.95,0.37080115213661,0.371539213395342,0.3715392136345233,0.1117374776169014,0.0282665824916328,0.0282984589877899,0.05385653410358334,0.1291808441121013,0.1292137243574565,0.3718124422270006,0.1661067251656793,0.0006583347040877501
4.0,0.37124335815047516,0.3718890721281105,0.3718890723553185,0.1112072815108746,0.0282234522961139,0.0282544957090599,0.05347916589184719,0.1290588428848219,0.1290908402636522,0.3721997727349122,0.16578051726257614,0.0006588704103561646
